,Coral Dev Board,Raspberry Pi 4
160_160_3_mobilenetv2,506.583626824067,13.788529039782079
128_128_3_mobilenetv2,794.6014605797751,20.85352866375087
96_96_3_mobilenetv2,863.7018862050091,32.678653319569875
