,Coral Dev Board,Raspberry Pi 4
160_160_3_mobilenetv2,2.5703225773333925e-05,0.0009443235965030191
128_128_3_mobilenetv2,2.560409600617738e-05,0.0009756167606635606
96_96_3_mobilenetv2,4.18766961832203e-05,0.001106807588665883
