,Coral Dev Board,Raspberry Pi 4
160_160_3_mobilenetv2,1.9740077393920454,72.52405221143187
128_128_3_mobilenetv2,1.2584925268956306,47.95351502013533
96_96_3_mobilenetv2,1.157806896073675,30.601016211434334
