,loss,accuracy,precision,recall,tp,fn,tn,fp,auc,model,set
0,0.15391772985458374,0.9646549820899963,0.959919810295105,0.9858865141868591,3353.0,48.0,1778.0,140.0,0.9832972288131714,160_160_3_mobilenetv2,train
1,0.30040812492370605,0.9620229601860046,0.9730848670005798,0.9673625230789185,3290.0,111.0,1827.0,91.0,0.9714581370353699,128_128_3_mobilenetv2,train
2,0.31615519523620605,0.9492385983467102,0.9578824043273926,0.9629520773887634,3275.0,126.0,1774.0,144.0,0.973137617111206,96_96_3_mobilenetv2,train
3,0.22402723133563995,0.9560632705688477,0.9520000219345093,0.9807692170143127,714.0,14.0,374.0,36.0,0.9717702269554138,160_160_3_mobilenetv2,validation
4,0.37881678342819214,0.9560632705688477,0.9631147384643555,0.968406617641449,705.0,23.0,383.0,27.0,0.9597577452659607,128_128_3_mobilenetv2,validation
5,0.34466996788978577,0.9516695737838745,0.9578231573104858,0.9670329689979553,704.0,24.0,379.0,31.0,0.9628417491912842,96_96_3_mobilenetv2,validation
6,0.2570361793041229,0.9423580765724182,0.9357798099517822,0.9767441749572754,714.0,17.0,365.0,49.0,0.9701321721076965,160_160_3_mobilenetv2,test
7,0.42030712962150574,0.943231463432312,0.9524456262588501,0.9589603543281555,701.0,30.0,379.0,35.0,0.9591304659843445,128_128_3_mobilenetv2,test
8,0.4042130708694458,0.9292576313018799,0.9391891956329346,0.9507523775100708,695.0,36.0,369.0,45.0,0.9536353349685669,96_96_3_mobilenetv2,test
