,loss,accuracy,precision,recall,tp,fn,tn,fp,auc,model,set
0,0.14814026653766632,0.9657830595970154,0.9618364572525024,0.9855924844741821,3352.0,49.0,1785.0,133.0,0.9840683937072754,160_160_3_mobilenetv2,train
1,0.30132216215133667,0.9623989462852478,0.9736608266830444,0.9673625230789185,3290.0,111.0,1829.0,89.0,0.9711642861366272,128_128_3_mobilenetv2,train
2,0.311585932970047,0.9488625526428223,0.9581258893013,0.9620699882507324,3272.0,129.0,1775.0,143.0,0.972613513469696,96_96_3_mobilenetv2,train
3,0.22397352755069733,0.9560632705688477,0.9532085657119751,0.9793956279754639,713.0,15.0,375.0,35.0,0.9718154668807983,160_160_3_mobilenetv2,validation
4,0.380321204662323,0.9534270763397217,0.9604365825653076,0.9670329689979553,704.0,24.0,381.0,29.0,0.9592283368110657,128_128_3_mobilenetv2,validation
5,0.3354388177394867,0.9525483250617981,0.9591280817985535,0.9670329689979553,704.0,24.0,380.0,30.0,0.9628065228462219,96_96_3_mobilenetv2,validation
6,0.2594303786754608,0.9449781775474548,0.940633237361908,0.9753761887550354,713.0,18.0,369.0,45.0,0.9713515639305115,160_160_3_mobilenetv2,test
7,0.42183437943458557,0.9467248916625977,0.9551630616188049,0.9616963267326355,703.0,28.0,381.0,33.0,0.9578897953033447,128_128_3_mobilenetv2,test
8,0.41020187735557556,0.9283843040466309,0.9391068816184998,0.9493843913078308,694.0,37.0,369.0,45.0,0.9547472596168518,96_96_3_mobilenetv2,test
